{
    "model_name": "RandomForestClassifier",
    "problem_type": "Binary Classification",
    "dataset_name": "Student Dropout Prediction",
    "target_column": "dropout_risk",
    "target_mapping": {
        "0": "Tidak Dropout",
        "1": "Dropout"
    },
    "train_shape": [
        3539,
        36
    ],
    "test_shape": [
        885,
        36
    ],
    "metrics": {
        "accuracy": 0.8779661016949153,
        "precision": 0.8410852713178295,
        "recall": 0.7640845070422535,
        "f1_score": 0.8007380073800738,
        "roc_auc": 0.9293313960300907
    },
    "confusion_matrix": [
        [
            560,
            41
        ],
        [
            67,
            217
        ]
    ],
    "classification_report": {
        "0": {
            "precision": 0.8931419457735247,
            "recall": 0.9317803660565723,
            "f1-score": 0.9120521172638436,
            "support": 601.0
        },
        "1": {
            "precision": 0.8410852713178295,
            "recall": 0.7640845070422535,
            "f1-score": 0.8007380073800738,
            "support": 284.0
        },
        "accuracy": 0.8779661016949153,
        "macro avg": {
            "precision": 0.8671136085456771,
            "recall": 0.847932436549413,
            "f1-score": 0.8563950623219587,
            "support": 885.0
        },
        "weighted avg": {
            "precision": 0.8764367530668384,
            "recall": 0.8779661016949153,
            "f1-score": 0.8763309791768485,
            "support": 885.0
        }
    }
}